direction,method,n_typical,typical_lab_total,typical_wlab_mean,typical_ssim,typical_recovery_delta_lab,a06_lab_total,a06_recovery_delta_lab,all_n,all_lab_total,all_ssim,all_recovery_delta_lab
A2H,Macenko,432,21.017,21.881,0.649,4.392,50.301,44.535,496,24.796,0.628,9.039
A2H,Reinhard,432,26.789,27.424,0.701,-1.38,36.336,58.5,496,28.021,0.681,5.814
A2H,Histogram Matching,432,31.333,31.903,0.664,-5.924,25.716,69.12,496,30.609,0.651,3.226
A2H,StainNet,432,58.021,58.252,0.518,-32.607,38.585,56.257,496,55.513,0.512,-21.141
A2H,ParamNet,432,8.55,9.571,0.769,16.864,76.148,18.694,496,17.272,0.753,17.1
A2H,StainGAN,432,13.551,14.231,0.772,11.863,29.916,64.925,496,15.663,0.764,18.71
H2A,Macenko,432,20.227,20.811,0.745,5.187,55.957,38.884,496,24.837,0.729,9.535
H2A,Reinhard,432,24.546,24.991,0.749,0.868,54.258,40.584,496,28.379,0.737,5.993
H2A,Histogram Matching,432,28.922,29.317,0.705,-3.508,60.431,34.41,496,32.988,0.696,1.385
H2A,StainNet,432,53.798,54.119,0.398,-28.384,80.191,14.65,496,57.204,0.396,-22.831
H2A,ParamNet,432,8.136,8.943,0.75,17.278,71.762,23.079,496,16.346,0.735,18.027
H2A,StainGAN,432,14.668,15.014,0.748,10.746,67.442,27.399,496,21.478,0.734,12.895
