run,image,mad_rgb,mean_dE76,dice_A,dice_B,dice_drop
Diffusion (P2-08),dpath_1,14.189,8.713,0.72234,0.64918,0.07316
Diffusion (P2-08),dpath_10,12.943,8.09,0.77621,0.69307,0.08314
Diffusion (P2-08),dpath_11,14.242,9.849,0.70043,0.61222,0.08821
Diffusion (P2-08),dpath_12,17.339,9.942,0.67129,0.57428,0.09701
Diffusion (P2-08),dpath_13,11.626,7.552,0.76457,0.69414,0.07043
Diffusion (P2-08),dpath_14,18.33,10.459,0.66742,0.59827,0.06915
Diffusion (P2-08),dpath_15,16.121,9.274,0.77291,0.72997,0.04294
Diffusion (P2-08),dpath_16,14.313,8.617,0.70121,0.63677,0.06444
Diffusion (P2-08),dpath_17,16.956,10.27,0.70078,0.61689,0.08389
Diffusion (P2-08),dpath_18,17.675,9.81,0.64398,0.60549,0.03849
Diffusion (P2-08),dpath_19,15.93,9.953,0.69103,0.60124,0.08979
Diffusion (P2-08),dpath_2,11.679,7.217,0.74074,0.65069,0.09005
Diffusion (P2-08),dpath_20,15.034,9.567,0.65077,0.57164,0.07913
Diffusion (P2-08),dpath_21,16.522,11.432,0.73581,0.63882,0.09699
Diffusion (P2-08),dpath_22,14.294,9.018,0.72121,0.65123,0.06998
Diffusion (P2-08),dpath_23,17.122,9.421,0.73756,0.64062,0.09694
Diffusion (P2-08),dpath_24,14.118,8.983,0.69472,0.58269,0.11203
Diffusion (P2-08),dpath_25,20.316,11.574,0.69508,0.62123,0.07385
Diffusion (P2-08),dpath_26,17.335,11.381,0.68116,0.58987,0.09129
Diffusion (P2-08),dpath_27,13.328,7.914,0.78871,0.7216,0.06711
Diffusion (P2-08),dpath_28,14.644,9.447,0.79529,0.73208,0.06321
Diffusion (P2-08),dpath_29,10.085,5.935,0.81962,0.74615,0.07347
Diffusion (P2-08),dpath_3,16.097,8.76,0.6812,0.59916,0.08204
Diffusion (P2-08),dpath_30,11.798,8.366,0.74281,0.70077,0.04204
Diffusion (P2-08),dpath_31,12.533,8.333,0.75481,0.65832,0.09649
Diffusion (P2-08),dpath_32,14.845,9.067,0.66221,0.59034,0.07187
Diffusion (P2-08),dpath_33,13.821,8.852,0.78025,0.67957,0.10068
Diffusion (P2-08),dpath_34,21.052,11.146,0.72564,0.66092,0.06472
Diffusion (P2-08),dpath_35,14.931,9.01,0.76729,0.71284,0.05445
Diffusion (P2-08),dpath_36,13.817,9.663,0.76844,0.66714,0.1013
Diffusion (P2-08),dpath_37,13.823,8.751,0.75502,0.62126,0.13376
Diffusion (P2-08),dpath_38,14.785,10.602,0.71219,0.60584,0.10635
Diffusion (P2-08),dpath_39,17.656,10.092,0.57094,0.49252,0.07842
Diffusion (P2-08),dpath_4,16.001,9.164,0.72693,0.65319,0.07374
Diffusion (P2-08),dpath_40,14.064,9.102,0.72067,0.66759,0.05308
Diffusion (P2-08),dpath_41,13.411,8.448,0.73261,0.68985,0.04276
Diffusion (P2-08),dpath_42,13.72,8.027,0.78965,0.72039,0.06926
Diffusion (P2-08),dpath_43,14.97,8.969,0.66287,0.5729,0.08997
Diffusion (P2-08),dpath_44,9.488,5.983,0.84044,0.77682,0.06362
Diffusion (P2-08),dpath_45,17.982,10.695,0.69843,0.60402,0.09441
Diffusion (P2-08),dpath_46,16.402,9.508,0.74665,0.67071,0.07594
Diffusion (P2-08),dpath_47,13.421,7.904,0.77168,0.73084,0.04084
Diffusion (P2-08),dpath_48,16.284,10.359,0.70445,0.63476,0.06969
Diffusion (P2-08),dpath_49,14.946,9.803,0.73807,0.65951,0.07856
Diffusion (P2-08),dpath_5,17.044,9.664,0.72732,0.67348,0.05384
Diffusion (P2-08),dpath_50,16.534,9.339,0.71371,0.61867,0.09504
Diffusion (P2-08),dpath_51,16.198,11.18,0.68623,0.59645,0.08978
Diffusion (P2-08),dpath_52,14.309,9.668,0.59063,0.45983,0.1308
Diffusion (P2-08),dpath_53,20.634,11.183,0.60851,0.55841,0.0501
Diffusion (P2-08),dpath_54,16.24,9.758,0.72857,0.63293,0.09564
Diffusion (P2-08),dpath_55,15.568,8.744,0.7359,0.67038,0.06552
Diffusion (P2-08),dpath_56,13.419,7.67,0.66652,0.59224,0.07428
Diffusion (P2-08),dpath_57,13.043,8.26,0.78984,0.7122,0.07764
Diffusion (P2-08),dpath_58,14.126,8.919,0.74984,0.68941,0.06043
Diffusion (P2-08),dpath_59,16.103,10.647,0.66022,0.56734,0.09288
Diffusion (P2-08),dpath_6,15.208,10.418,0.65683,0.56222,0.09461
Diffusion (P2-08),dpath_60,12.958,9.112,0.70932,0.63333,0.07599
Diffusion (P2-08),dpath_61,13.914,9.412,0.7101,0.62268,0.08742
Diffusion (P2-08),dpath_62,13.368,7.297,0.68326,0.58156,0.1017
Diffusion (P2-08),dpath_63,16.04,9.01,0.71773,0.63832,0.07941
Diffusion (P2-08),dpath_64,14.713,8.756,0.8053,0.70352,0.10178
Diffusion (P2-08),dpath_65,16.025,8.975,0.67841,0.60151,0.0769
Diffusion (P2-08),dpath_66,15.692,9.154,0.69559,0.59966,0.09593
Diffusion (P2-08),dpath_67,13.481,8.903,0.78158,0.69931,0.08227
Diffusion (P2-08),dpath_68,16.893,9.747,0.70607,0.61724,0.08883
Diffusion (P2-08),dpath_69,15.369,10.339,0.7373,0.65183,0.08547
Diffusion (P2-08),dpath_7,10.604,6.601,0.70268,0.63412,0.06856
Diffusion (P2-08),dpath_8,15.375,9.549,0.7535,0.68542,0.06808
Diffusion (P2-08),dpath_9,14.015,9.153,0.76617,0.70676,0.05941
Diffusion (P2-08),glas_1,17.523,13.558,0.71869,0.58918,0.12951
Diffusion (P2-08),glas_10,17.171,13.195,0.68264,0.54226,0.14038
Diffusion (P2-08),glas_11,17.259,13.668,0.71835,0.63195,0.0864
Diffusion (P2-08),glas_12,18.35,12.81,0.67643,0.61243,0.064
Diffusion (P2-08),glas_13,20.808,15.825,0.72087,0.61821,0.10266
Diffusion (P2-08),glas_14,16.097,12.871,0.65347,0.52784,0.12563
Diffusion (P2-08),glas_15,14.701,11.426,0.671,0.54009,0.13091
Diffusion (P2-08),glas_16,18.488,13.361,0.64772,0.46808,0.17964
Diffusion (P2-08),glas_17,18.545,13.486,0.54944,0.49829,0.05115
Diffusion (P2-08),glas_18,10.858,9.087,0.69149,0.60413,0.08736
Diffusion (P2-08),glas_19,16.723,12.91,0.72276,0.57808,0.14468
Diffusion (P2-08),glas_2,17.982,13.091,0.56736,0.53352,0.03384
Diffusion (P2-08),glas_20,16.007,12.334,0.7386,0.67675,0.06185
Diffusion (P2-08),glas_21,17.517,11.687,0.6476,0.57777,0.06983
Diffusion (P2-08),glas_22,17.695,12.95,0.58087,0.54648,0.03439
Diffusion (P2-08),glas_23,14.842,10.556,0.74108,0.66842,0.07266
Diffusion (P2-08),glas_24,19.133,13.43,0.70608,0.63639,0.06969
Diffusion (P2-08),glas_25,16.468,12.823,0.75088,0.61578,0.1351
Diffusion (P2-08),glas_26,17.137,12.916,0.757,0.62641,0.13059
Diffusion (P2-08),glas_27,15.08,11.134,0.7052,0.66089,0.04431
Diffusion (P2-08),glas_28,19.612,13.708,0.65766,0.54432,0.11334
Diffusion (P2-08),glas_29,16.06,13.492,0.7262,0.62227,0.10393
Diffusion (P2-08),glas_3,15.998,12.815,0.73924,0.62564,0.1136
Diffusion (P2-08),glas_30,16.281,13.326,0.63084,0.53,0.10084
Diffusion (P2-08),glas_31,14.867,11.024,0.70511,0.59699,0.10812
Diffusion (P2-08),glas_32,18.277,13.836,0.69708,0.56865,0.12843
Diffusion (P2-08),glas_33,18.281,14.307,0.6383,0.55298,0.08532
Diffusion (P2-08),glas_34,15.143,11.075,0.62638,0.51317,0.11321
Diffusion (P2-08),glas_35,16.097,13.323,0.69773,0.6163,0.08143
Diffusion (P2-08),glas_36,16.972,13.221,0.67822,0.54376,0.13446
Diffusion (P2-08),glas_37,16.432,11.621,0.68638,0.60575,0.08063
Diffusion (P2-08),glas_38,20.917,15.081,0.72689,0.63317,0.09372
Diffusion (P2-08),glas_39,15.548,11.252,0.58231,0.52368,0.05863
Diffusion (P2-08),glas_4,16.545,11.751,0.70351,0.61032,0.09319
Diffusion (P2-08),glas_40,14.687,10.662,0.67979,0.61862,0.06117
Diffusion (P2-08),glas_41,16.473,12.726,0.70257,0.56873,0.13384
Diffusion (P2-08),glas_42,17.162,14.346,0.50894,0.42605,0.08289
Diffusion (P2-08),glas_43,10.878,7.475,0.53342,0.42281,0.11061
Diffusion (P2-08),glas_44,15.643,12.915,0.68885,0.60762,0.08123
Diffusion (P2-08),glas_45,16.423,11.377,0.65025,0.55401,0.09624
Diffusion (P2-08),glas_46,16.626,11.844,0.64062,0.55989,0.08073
Diffusion (P2-08),glas_47,14.138,10.161,0.71124,0.64301,0.06823
Diffusion (P2-08),glas_48,15.239,11.007,0.73089,0.67555,0.05534
Diffusion (P2-08),glas_49,21.215,15.997,0.6519,0.58174,0.07016
Diffusion (P2-08),glas_5,15.031,11.101,0.69484,0.61472,0.08012
Diffusion (P2-08),glas_50,13.826,10.54,0.72237,0.5865,0.13587
Diffusion (P2-08),glas_51,15.711,11.603,0.67296,0.57676,0.0962
Diffusion (P2-08),glas_52,10.768,9.178,0.56654,0.4473,0.11924
Diffusion (P2-08),glas_53,17.13,13.5,0.71997,0.5964,0.12357
Diffusion (P2-08),glas_54,21.772,17.735,0.49931,0.47898,0.02033
Diffusion (P2-08),glas_55,15.979,11.896,0.63118,0.42943,0.20175
Diffusion (P2-08),glas_56,16.534,11.536,0.68358,0.61659,0.06699
Diffusion (P2-08),glas_57,20.377,14.073,0.69819,0.5985,0.09969
Diffusion (P2-08),glas_58,22.122,14.427,0.67768,0.57644,0.10124
Diffusion (P2-08),glas_59,16.016,12.116,0.65619,0.46867,0.18752
Diffusion (P2-08),glas_6,15.43,11.366,0.67287,0.59721,0.07566
Diffusion (P2-08),glas_60,16.107,12.17,0.71361,0.60749,0.10612
Diffusion (P2-08),glas_61,14.943,11.453,0.75023,0.65497,0.09526
Diffusion (P2-08),glas_7,15.334,13.207,0.68757,0.61198,0.07559
Diffusion (P2-08),glas_8,19.385,13.705,0.69792,0.61173,0.08619
Diffusion (P2-08),glas_9,13.891,10.083,0.68989,0.56169,0.1282
StainNet,dpath_1,31.545,17.143,0.72234,0.63321,0.08913
StainNet,dpath_10,21.56,12.829,0.77621,0.67821,0.098
StainNet,dpath_11,21.582,13.301,0.70043,0.49691,0.20352
StainNet,dpath_12,31.969,16.675,0.67129,0.63157,0.03972
StainNet,dpath_13,21.699,13.219,0.76457,0.60694,0.15763
StainNet,dpath_14,34.572,18.056,0.66742,0.63321,0.03421
StainNet,dpath_15,29.746,16.387,0.77291,0.66166,0.11125
StainNet,dpath_16,23.356,11.849,0.70121,0.57673,0.12448
StainNet,dpath_17,28.834,15.651,0.70078,0.58081,0.11997
StainNet,dpath_18,42.449,21.311,0.64398,0.6526,-0.00862
StainNet,dpath_19,20.559,11.03,0.69103,0.57159,0.11944
StainNet,dpath_2,23.349,14.785,0.74074,0.3244,0.41634
StainNet,dpath_20,21.827,12.51,0.65077,0.55064,0.10013
StainNet,dpath_21,24.969,14.594,0.73581,0.54635,0.18946
StainNet,dpath_22,18.192,10.71,0.72121,0.62063,0.10058
StainNet,dpath_23,48.062,23.567,0.73756,0.67398,0.06358
StainNet,dpath_24,21.252,12.175,0.69472,0.54644,0.14828
StainNet,dpath_25,41.21,20.257,0.69508,0.63908,0.056
StainNet,dpath_26,23.076,13.354,0.68116,0.56188,0.11928
StainNet,dpath_27,25.88,16.022,0.78871,0.739,0.04971
StainNet,dpath_28,24.934,14.758,0.79529,0.71938,0.07591
StainNet,dpath_29,25.416,15.071,0.81962,0.74161,0.07801
StainNet,dpath_3,39.724,20.794,0.6812,0.69525,-0.01405
StainNet,dpath_30,28.595,16.835,0.74281,0.67955,0.06326
StainNet,dpath_31,21.302,13.754,0.75481,0.46449,0.29032
StainNet,dpath_32,34.51,19.456,0.66221,0.59117,0.07104
StainNet,dpath_33,22.487,12.787,0.78025,0.58772,0.19253
StainNet,dpath_34,37.008,18.014,0.72564,0.71121,0.01443
StainNet,dpath_35,24.891,14.322,0.76729,0.70871,0.05858
StainNet,dpath_36,23.083,14.139,0.76844,0.38093,0.38751
StainNet,dpath_37,18.631,10.519,0.75502,0.40343,0.35159
StainNet,dpath_38,21.919,12.886,0.71219,0.49083,0.22136
StainNet,dpath_39,33.837,17.639,0.57094,0.54784,0.0231
StainNet,dpath_4,41.388,20.63,0.72693,0.69765,0.02928
StainNet,dpath_40,29.508,16.57,0.72067,0.68174,0.03893
StainNet,dpath_41,31.164,17.029,0.73261,0.71091,0.0217
StainNet,dpath_42,24.23,14.037,0.78965,0.73807,0.05158
StainNet,dpath_43,21.338,11.346,0.66287,0.54392,0.11895
StainNet,dpath_44,20.545,13.356,0.84044,0.74099,0.09945
StainNet,dpath_45,32.918,17.495,0.69843,0.51835,0.18008
StainNet,dpath_46,25.578,14.652,0.74665,0.69745,0.0492
StainNet,dpath_47,34.473,19.97,0.77168,0.73844,0.03324
StainNet,dpath_48,31.967,17.547,0.70445,0.65273,0.05172
StainNet,dpath_49,23.499,14.006,0.73807,0.63073,0.10734
StainNet,dpath_5,40.571,20.23,0.72732,0.74424,-0.01692
StainNet,dpath_50,44.461,21.547,0.71371,0.66343,0.05028
StainNet,dpath_51,23.472,13.524,0.68623,0.55519,0.13104
StainNet,dpath_52,18.205,9.546,0.59063,0.18226,0.40837
StainNet,dpath_53,42.984,20.913,0.60851,0.60005,0.00846
StainNet,dpath_54,27.651,14.644,0.72857,0.62495,0.10362
StainNet,dpath_55,35.62,18.38,0.7359,0.76267,-0.02677
StainNet,dpath_56,44.165,23.278,0.66652,0.67655,-0.01003
StainNet,dpath_57,25.454,15.329,0.78984,0.70128,0.08856
StainNet,dpath_58,27.043,15.738,0.74984,0.71146,0.03838
StainNet,dpath_59,24.739,14.575,0.66022,0.47705,0.18317
StainNet,dpath_6,19.364,10.933,0.65683,0.38752,0.26931
StainNet,dpath_60,22.065,13.37,0.70932,0.53823,0.17109
StainNet,dpath_61,23.16,13.243,0.7101,0.44446,0.26564
StainNet,dpath_62,35.486,19.401,0.68326,0.6599,0.02336
StainNet,dpath_63,45.333,23.08,0.71773,0.70294,0.01479
StainNet,dpath_64,28.92,16.443,0.8053,0.71863,0.08667
StainNet,dpath_65,41.448,21.159,0.67841,0.65938,0.01903
StainNet,dpath_66,20.675,11.136,0.69559,0.59778,0.09781
StainNet,dpath_67,26.057,15.408,0.78158,0.64856,0.13302
StainNet,dpath_68,35.196,17.877,0.70607,0.66618,0.03989
StainNet,dpath_69,26.007,14.901,0.7373,0.59782,0.13948
StainNet,dpath_7,39.409,22.629,0.70268,0.64069,0.06199
StainNet,dpath_8,26.718,14.157,0.7535,0.68299,0.07051
StainNet,dpath_9,24.057,13.868,0.76617,0.60094,0.16523
StainNet,glas_1,24.878,15.713,0.71869,0.16364,0.55505
StainNet,glas_10,25.318,15.663,0.68264,0.07635,0.60629
StainNet,glas_11,25.686,16.633,0.71835,0.28414,0.43421
StainNet,glas_12,23.635,16.785,0.67643,0.40768,0.26875
StainNet,glas_13,26.212,16.486,0.72087,0.41952,0.30135
StainNet,glas_14,26.624,16.714,0.65347,0.09755,0.55592
StainNet,glas_15,24.54,15.993,0.671,0.07011,0.60089
StainNet,glas_16,29.738,18.776,0.64772,0.18053,0.46719
StainNet,glas_17,25.16,15.258,0.54944,0.27952,0.26992
StainNet,glas_18,31.31,18.113,0.69149,0.17741,0.51408
StainNet,glas_19,26.591,16.404,0.72276,0.07877,0.64399
StainNet,glas_2,25.64,15.51,0.56736,0.33042,0.23694
StainNet,glas_20,23.887,16.011,0.7386,0.22144,0.51716
StainNet,glas_21,24.156,16.966,0.6476,0.50003,0.14757
StainNet,glas_22,25.141,14.904,0.58087,0.42021,0.16066
StainNet,glas_23,23.308,14.672,0.74108,0.53217,0.20891
StainNet,glas_24,31.718,19.905,0.70608,0.5749,0.13118
StainNet,glas_25,26.218,16.061,0.75088,0.07102,0.67986
StainNet,glas_26,25.529,15.67,0.757,0.08168,0.67532
StainNet,glas_27,22.383,14.348,0.7052,0.46579,0.23941
StainNet,glas_28,22.372,14.616,0.65766,0.27539,0.38227
StainNet,glas_29,25.622,17.017,0.7262,0.20229,0.52391
StainNet,glas_3,27.328,16.449,0.73924,0.02707,0.71217
StainNet,glas_30,26.061,16.433,0.63084,0.07426,0.55658
StainNet,glas_31,25.681,16.117,0.70511,0.17038,0.53473
StainNet,glas_32,25.999,16.023,0.69708,0.02588,0.6712
StainNet,glas_33,26.185,16.605,0.6383,0.00738,0.63092
StainNet,glas_34,26.353,16.719,0.62638,0.10795,0.51843
StainNet,glas_35,25.025,16.499,0.69773,0.17474,0.52299
StainNet,glas_36,27.157,16.097,0.67822,0.07266,0.60556
StainNet,glas_37,24.385,16.366,0.68638,0.30862,0.37776
StainNet,glas_38,26.035,16.191,0.72689,0.48473,0.24216
StainNet,glas_39,25.039,15.416,0.58231,0.24863,0.33368
StainNet,glas_4,24.844,16.256,0.70351,0.18311,0.5204
StainNet,glas_40,24.47,16.232,0.67979,0.21707,0.46272
StainNet,glas_41,26.875,16.138,0.70257,0.06234,0.64023
StainNet,glas_42,27.05,16.761,0.50894,0.00602,0.50292
StainNet,glas_43,31.544,18.575,0.53342,0.35615,0.17727
StainNet,glas_44,25.841,16.527,0.68885,0.09503,0.59382
StainNet,glas_45,22.997,16.462,0.65025,0.23105,0.4192
StainNet,glas_46,25.279,16.912,0.64062,0.35651,0.28411
StainNet,glas_47,27.435,17.991,0.71124,0.43926,0.27198
StainNet,glas_48,25.373,15.676,0.73089,0.54947,0.18142
StainNet,glas_49,26.561,16.458,0.6519,0.35899,0.29291
StainNet,glas_5,26.484,17.443,0.69484,0.47877,0.21607
StainNet,glas_50,31.291,18.468,0.72237,0.15178,0.57059
StainNet,glas_51,27.406,17.439,0.67296,0.27175,0.40121
StainNet,glas_52,30.571,17.577,0.56654,0.0242,0.54234
StainNet,glas_53,24.847,15.641,0.71997,0.03947,0.6805
StainNet,glas_54,30.862,18.548,0.49931,0.04485,0.45446
StainNet,glas_55,25.215,17.205,0.63118,0.02685,0.60433
StainNet,glas_56,25.296,17.145,0.68358,0.43163,0.25195
StainNet,glas_57,21.487,14.418,0.69819,0.34733,0.35086
StainNet,glas_58,28.91,19.656,0.67768,0.54646,0.13122
StainNet,glas_59,24.883,16.281,0.65619,0.0865,0.56969
StainNet,glas_6,24.796,15.373,0.67287,0.38455,0.28832
StainNet,glas_60,25.801,15.942,0.71361,0.07788,0.63573
StainNet,glas_61,25.031,15.537,0.75023,0.12997,0.62026
StainNet,glas_7,27.283,17.705,0.68757,0.34756,0.34001
StainNet,glas_8,20.661,14.054,0.69792,0.29174,0.40618
StainNet,glas_9,22.659,15.97,0.68989,0.05728,0.63261
ParamNet,dpath_1,2.013,2.32,0.72234,0.68904,0.0333
ParamNet,dpath_10,1.071,1.125,0.77621,0.78471,-0.0085
ParamNet,dpath_11,1.251,1.417,0.70043,0.70817,-0.00774
ParamNet,dpath_12,1.476,1.457,0.67129,0.66339,0.0079
ParamNet,dpath_13,3.305,2.04,0.76457,0.76777,-0.0032
ParamNet,dpath_14,1.355,1.429,0.66742,0.66225,0.00517
ParamNet,dpath_15,1.106,1.169,0.77291,0.78083,-0.00792
ParamNet,dpath_16,0.851,0.91,0.70121,0.6938,0.00741
ParamNet,dpath_17,1.393,1.484,0.70078,0.69623,0.00455
ParamNet,dpath_18,2.01,2.21,0.64398,0.61629,0.02769
ParamNet,dpath_19,0.814,0.87,0.69103,0.69468,-0.00365
ParamNet,dpath_2,1.148,1.134,0.74074,0.7496,-0.00886
ParamNet,dpath_20,0.962,1.048,0.65077,0.64874,0.00203
ParamNet,dpath_21,1.118,1.16,0.73581,0.74255,-0.00674
ParamNet,dpath_22,0.813,0.893,0.72121,0.72322,-0.00201
ParamNet,dpath_23,1.827,2.084,0.73756,0.71664,0.02092
ParamNet,dpath_24,0.827,0.902,0.69472,0.70145,-0.00673
ParamNet,dpath_25,1.726,1.807,0.69508,0.67767,0.01741
ParamNet,dpath_26,1.045,1.121,0.68116,0.69089,-0.00973
ParamNet,dpath_27,1.606,1.727,0.78871,0.79094,-0.00223
ParamNet,dpath_28,1.369,1.422,0.79529,0.8054,-0.01011
ParamNet,dpath_29,2.341,1.443,0.81962,0.82731,-0.00769
ParamNet,dpath_3,1.927,1.813,0.6812,0.66988,0.01132
ParamNet,dpath_30,1.417,1.426,0.74281,0.75038,-0.00757
ParamNet,dpath_31,1.999,1.565,0.75481,0.75742,-0.00261
ParamNet,dpath_32,2.344,2.735,0.66221,0.63822,0.02399
ParamNet,dpath_33,0.947,1.012,0.78025,0.78426,-0.00401
ParamNet,dpath_34,1.283,1.347,0.72564,0.72889,-0.00325
ParamNet,dpath_35,1.357,1.557,0.76729,0.76391,0.00338
ParamNet,dpath_36,1.464,1.529,0.76844,0.76883,-0.00039
ParamNet,dpath_37,0.802,0.848,0.75502,0.75899,-0.00397
ParamNet,dpath_38,1.231,1.284,0.71219,0.71783,-0.00564
ParamNet,dpath_39,1.394,1.37,0.57094,0.57997,-0.00903
ParamNet,dpath_4,1.946,2.072,0.72693,0.70634,0.02059
ParamNet,dpath_40,1.549,1.693,0.72067,0.71493,0.00574
ParamNet,dpath_41,1.643,1.765,0.73261,0.7296,0.00301
ParamNet,dpath_42,1.646,1.319,0.78965,0.79887,-0.00922
ParamNet,dpath_43,0.957,1.072,0.66287,0.65233,0.01054
ParamNet,dpath_44,1.061,1.118,0.84044,0.84703,-0.00659
ParamNet,dpath_45,1.355,1.449,0.69843,0.70099,-0.00256
ParamNet,dpath_46,1.262,1.279,0.74665,0.75229,-0.00564
ParamNet,dpath_47,2.443,2.833,0.77168,0.77214,-0.00046
ParamNet,dpath_48,1.756,1.933,0.70445,0.69044,0.01401
ParamNet,dpath_49,1.091,1.15,0.73807,0.74645,-0.00838
ParamNet,dpath_5,1.661,1.736,0.72732,0.71264,0.01468
ParamNet,dpath_50,1.619,1.807,0.71371,0.70529,0.00842
ParamNet,dpath_51,1.072,1.159,0.68623,0.69523,-0.009
ParamNet,dpath_52,0.774,0.805,0.59063,0.5759,0.01473
ParamNet,dpath_53,1.669,1.737,0.60851,0.57922,0.02929
ParamNet,dpath_54,1.013,1.06,0.72857,0.73642,-0.00785
ParamNet,dpath_55,1.301,1.263,0.7359,0.73831,-0.00241
ParamNet,dpath_56,2.608,3.085,0.66652,0.64046,0.02606
ParamNet,dpath_57,2.447,1.642,0.78984,0.79529,-0.00545
ParamNet,dpath_58,1.232,1.33,0.74984,0.74056,0.00928
ParamNet,dpath_59,1.253,1.39,0.66022,0.66981,-0.00959
ParamNet,dpath_6,0.818,0.87,0.65683,0.67007,-0.01324
ParamNet,dpath_60,1.428,1.308,0.70932,0.7186,-0.00928
ParamNet,dpath_61,0.945,0.994,0.7101,0.72377,-0.01367
ParamNet,dpath_62,1.941,1.601,0.68326,0.66502,0.01824
ParamNet,dpath_63,2.237,2.339,0.71773,0.69917,0.01856
ParamNet,dpath_64,1.35,1.385,0.8053,0.80823,-0.00293
ParamNet,dpath_65,1.898,2.132,0.67841,0.66042,0.01799
ParamNet,dpath_66,0.82,0.869,0.69559,0.7064,-0.01081
ParamNet,dpath_67,1.534,1.465,0.78158,0.7868,-0.00522
ParamNet,dpath_68,1.41,1.344,0.70607,0.71745,-0.01138
ParamNet,dpath_69,1.299,1.277,0.7373,0.74557,-0.00827
ParamNet,dpath_7,2.701,3.314,0.70268,0.70255,0.00013
ParamNet,dpath_8,0.991,1.03,0.7535,0.76357,-0.01007
ParamNet,dpath_9,1.16,1.194,0.76617,0.77149,-0.00532
ParamNet,glas_1,2.109,1.698,0.71869,0.71492,0.00377
ParamNet,glas_10,2.011,1.647,0.68264,0.68843,-0.00579
ParamNet,glas_11,2.061,1.917,0.71835,0.71739,0.00096
ParamNet,glas_12,1.639,1.662,0.67643,0.67525,0.00118
ParamNet,glas_13,1.986,1.698,0.72087,0.71962,0.00125
ParamNet,glas_14,2.889,2.23,0.65347,0.66688,-0.01341
ParamNet,glas_15,1.576,1.48,0.671,0.66633,0.00467
ParamNet,glas_16,2.533,2.484,0.64772,0.64726,0.00046
ParamNet,glas_17,1.387,1.373,0.54944,0.5536,-0.00416
ParamNet,glas_18,3.491,2.656,0.69149,0.69897,-0.00748
ParamNet,glas_19,2.735,1.957,0.72276,0.72064,0.00212
ParamNet,glas_2,1.435,1.43,0.56736,0.57344,-0.00608
ParamNet,glas_20,1.606,1.582,0.7386,0.73661,0.00199
ParamNet,glas_21,2.099,2.293,0.6476,0.64575,0.00185
ParamNet,glas_22,1.314,1.274,0.58087,0.57992,0.00095
ParamNet,glas_23,1.404,1.279,0.74108,0.7397,0.00138
ParamNet,glas_24,2.578,2.577,0.70608,0.7054,0.00068
ParamNet,glas_25,2.189,1.783,0.75088,0.74723,0.00365
ParamNet,glas_26,2.064,1.694,0.757,0.75974,-0.00274
ParamNet,glas_27,1.306,1.269,0.7052,0.70091,0.00429
ParamNet,glas_28,1.252,1.225,0.65766,0.65426,0.0034
ParamNet,glas_29,2.489,2.033,0.7262,0.73079,-0.00459
ParamNet,glas_3,2.303,1.972,0.73924,0.74077,-0.00153
ParamNet,glas_30,2.495,2.22,0.63084,0.64101,-0.01017
ParamNet,glas_31,1.657,1.527,0.70511,0.70742,-0.00231
ParamNet,glas_32,1.844,1.606,0.69708,0.69216,0.00492
ParamNet,glas_33,1.961,1.717,0.6383,0.63682,0.00148
ParamNet,glas_34,1.744,1.67,0.62638,0.62805,-0.00167
ParamNet,glas_35,2.349,2.03,0.69773,0.69925,-0.00152
ParamNet,glas_36,2.131,1.802,0.67822,0.68164,-0.00342
ParamNet,glas_37,1.539,1.592,0.68638,0.68808,-0.0017
ParamNet,glas_38,1.728,1.564,0.72689,0.72603,0.00086
ParamNet,glas_39,1.413,1.339,0.58231,0.58213,0.00018
ParamNet,glas_4,1.61,1.563,0.70351,0.70081,0.0027
ParamNet,glas_40,1.648,1.593,0.67979,0.67856,0.00123
ParamNet,glas_41,2.343,1.779,0.70257,0.70167,0.0009
ParamNet,glas_42,2.406,1.996,0.50894,0.51136,-0.00242
ParamNet,glas_43,7.933,3.95,0.53342,0.4982,0.03522
ParamNet,glas_44,2.436,2.014,0.68885,0.69036,-0.00151
ParamNet,glas_45,1.713,1.713,0.65025,0.6446,0.00565
ParamNet,glas_46,1.703,1.776,0.64062,0.64557,-0.00495
ParamNet,glas_47,4.101,2.606,0.71124,0.71501,-0.00377
ParamNet,glas_48,1.535,1.397,0.73089,0.73144,-0.00055
ParamNet,glas_49,1.677,1.555,0.6519,0.65115,0.00075
ParamNet,glas_5,1.821,1.631,0.69484,0.69946,-0.00462
ParamNet,glas_50,3.278,2.653,0.72237,0.72222,0.00015
ParamNet,glas_51,1.9,1.708,0.67296,0.67439,-0.00143
ParamNet,glas_52,2.686,2.425,0.56654,0.57965,-0.01311
ParamNet,glas_53,1.952,1.672,0.71997,0.72036,-0.00039
ParamNet,glas_54,2.307,2.03,0.49931,0.50103,-0.00172
ParamNet,glas_55,2.128,1.767,0.63118,0.62244,0.00874
ParamNet,glas_56,1.769,1.873,0.68358,0.6875,-0.00392
ParamNet,glas_57,1.208,1.194,0.69819,0.69567,0.00252
ParamNet,glas_58,2.66,2.575,0.67768,0.68215,-0.00447
ParamNet,glas_59,1.922,1.537,0.65619,0.65355,0.00264
ParamNet,glas_6,1.422,1.344,0.67287,0.66913,0.00374
ParamNet,glas_60,1.878,1.697,0.71361,0.71648,-0.00287
ParamNet,glas_61,1.605,1.469,0.75023,0.74997,0.00026
ParamNet,glas_7,2.564,2.173,0.68757,0.688,-0.00043
ParamNet,glas_8,1.133,1.14,0.69792,0.69223,0.00569
ParamNet,glas_9,1.917,1.58,0.68989,0.68159,0.0083
StainGAN,dpath_1,30.929,22.562,0.72234,0.64938,0.07296
StainGAN,dpath_10,15.993,15.07,0.77621,0.74998,0.02623
StainGAN,dpath_11,19.234,16.305,0.70043,0.49412,0.20631
StainGAN,dpath_12,17.62,17.081,0.67129,0.60246,0.06883
StainGAN,dpath_13,22.266,16.674,0.76457,0.7365,0.02807
StainGAN,dpath_14,18.807,19.114,0.66742,0.34783,0.31959
StainGAN,dpath_15,21.239,21.125,0.77291,0.52967,0.24324
StainGAN,dpath_16,30.871,16.421,0.70121,0.62293,0.07828
StainGAN,dpath_17,14.565,14.612,0.70078,0.55671,0.14407
StainGAN,dpath_18,27.765,24.654,0.64398,0.5264,0.11758
StainGAN,dpath_19,10.392,10.561,0.69103,0.63585,0.05518
StainGAN,dpath_2,27.385,26.458,0.74074,0.50072,0.24002
StainGAN,dpath_20,12.286,11.516,0.65077,0.54212,0.10865
StainGAN,dpath_21,17.243,14.726,0.73581,0.65065,0.08516
StainGAN,dpath_22,12.53,12.125,0.72121,0.70376,0.01745
StainGAN,dpath_23,32.0,27.61,0.73756,0.33467,0.40289
StainGAN,dpath_24,10.745,10.377,0.69472,0.62683,0.06789
StainGAN,dpath_25,20.215,21.289,0.69508,0.42718,0.2679
StainGAN,dpath_26,12.08,11.394,0.68116,0.60081,0.08035
StainGAN,dpath_27,19.25,18.411,0.78871,0.73921,0.0495
StainGAN,dpath_28,23.337,19.582,0.79529,0.72547,0.06982
StainGAN,dpath_29,23.217,16.313,0.81962,0.81673,0.00289
StainGAN,dpath_3,25.012,24.569,0.6812,0.42586,0.25534
StainGAN,dpath_30,21.062,17.849,0.74281,0.49753,0.24528
StainGAN,dpath_31,24.564,20.376,0.75481,0.65189,0.10292
StainGAN,dpath_32,19.98,20.69,0.66221,0.36822,0.29399
StainGAN,dpath_33,16.951,13.744,0.78025,0.73669,0.04356
StainGAN,dpath_34,18.467,19.183,0.72564,0.59351,0.13213
StainGAN,dpath_35,19.233,17.067,0.76729,0.74692,0.02037
StainGAN,dpath_36,21.164,16.299,0.76844,0.55274,0.2157
StainGAN,dpath_37,12.993,10.956,0.75502,0.70913,0.04589
StainGAN,dpath_38,12.61,10.326,0.71219,0.66169,0.0505
StainGAN,dpath_39,20.609,18.769,0.57094,0.42726,0.14368
StainGAN,dpath_4,23.87,22.723,0.72693,0.5662,0.16073
StainGAN,dpath_40,17.646,17.09,0.72067,0.6232,0.09747
StainGAN,dpath_41,20.514,19.279,0.73261,0.71117,0.02144
StainGAN,dpath_42,19.758,16.286,0.78965,0.77328,0.01637
StainGAN,dpath_43,22.161,14.827,0.66287,0.50487,0.158
StainGAN,dpath_44,17.616,14.127,0.84044,0.82901,0.01143
StainGAN,dpath_45,17.351,17.535,0.69843,0.26644,0.43199
StainGAN,dpath_46,17.005,14.279,0.74665,0.73531,0.01134
StainGAN,dpath_47,23.794,23.064,0.77168,0.72713,0.04455
StainGAN,dpath_48,16.901,17.458,0.70445,0.50178,0.20267
StainGAN,dpath_49,16.844,14.473,0.73807,0.68134,0.05673
StainGAN,dpath_5,21.912,22.594,0.72732,0.54161,0.18571
StainGAN,dpath_50,27.818,23.571,0.71371,0.68395,0.02976
StainGAN,dpath_51,14.947,13.16,0.68623,0.52821,0.15802
StainGAN,dpath_52,10.291,7.157,0.59063,0.53835,0.05228
StainGAN,dpath_53,21.127,22.273,0.60851,0.38541,0.2231
StainGAN,dpath_54,15.927,14.009,0.72857,0.62712,0.10145
StainGAN,dpath_55,20.612,19.396,0.7359,0.70533,0.03057
StainGAN,dpath_56,27.053,27.933,0.66652,0.41511,0.25141
StainGAN,dpath_57,24.489,19.112,0.78984,0.71646,0.07338
StainGAN,dpath_58,13.821,13.414,0.74984,0.69813,0.05171
StainGAN,dpath_59,17.666,15.136,0.66022,0.48978,0.17044
StainGAN,dpath_6,12.496,11.183,0.65683,0.58869,0.06814
StainGAN,dpath_60,13.04,10.524,0.70932,0.6737,0.03562
StainGAN,dpath_61,16.635,14.0,0.7101,0.59271,0.11739
StainGAN,dpath_62,23.584,23.631,0.68326,0.46467,0.21859
StainGAN,dpath_63,26.259,26.923,0.71773,0.21163,0.5061
StainGAN,dpath_64,19.839,16.675,0.8053,0.75865,0.04665
StainGAN,dpath_65,23.192,23.232,0.67841,0.55192,0.12649
StainGAN,dpath_66,13.447,12.431,0.69559,0.67271,0.02288
StainGAN,dpath_67,23.789,18.997,0.78158,0.67889,0.10269
StainGAN,dpath_68,22.452,20.322,0.70607,0.56973,0.13634
StainGAN,dpath_69,17.196,15.373,0.7373,0.58375,0.15355
StainGAN,dpath_7,29.33,28.367,0.70268,0.41401,0.28867
StainGAN,dpath_8,18.561,16.166,0.7535,0.72957,0.02393
StainGAN,dpath_9,15.183,13.45,0.76617,0.71127,0.0549
StainGAN,glas_1,22.231,13.669,0.71869,0.48091,0.23778
StainGAN,glas_10,26.495,15.819,0.68264,0.38121,0.30143
StainGAN,glas_11,22.285,14.984,0.71835,0.37896,0.33939
StainGAN,glas_12,17.288,16.295,0.67643,0.27893,0.3975
StainGAN,glas_13,17.289,12.973,0.72087,0.56368,0.15719
StainGAN,glas_14,30.074,18.697,0.65347,0.24124,0.41223
StainGAN,glas_15,19.469,15.07,0.671,0.41475,0.25625
StainGAN,glas_16,21.714,17.053,0.64772,0.46624,0.18148
StainGAN,glas_17,10.377,12.852,0.54944,0.21827,0.33117
StainGAN,glas_18,37.499,21.289,0.69149,0.21965,0.47184
StainGAN,glas_19,29.151,16.478,0.72276,0.41981,0.30295
StainGAN,glas_2,10.832,12.913,0.56736,0.1781,0.38926
StainGAN,glas_20,18.992,15.44,0.7386,0.57941,0.15919
StainGAN,glas_21,13.402,15.484,0.6476,0.33853,0.30907
StainGAN,glas_22,10.165,12.293,0.58087,0.34808,0.23279
StainGAN,glas_23,24.195,18.288,0.74108,0.46348,0.2776
StainGAN,glas_24,16.651,17.474,0.70608,0.6084,0.09768
StainGAN,glas_25,27.707,15.873,0.75088,0.55247,0.19841
StainGAN,glas_26,27.894,16.15,0.757,0.58397,0.17303
StainGAN,glas_27,23.24,17.586,0.7052,0.47257,0.23263
StainGAN,glas_28,14.27,12.608,0.65766,0.30932,0.34834
StainGAN,glas_29,24.842,17.383,0.7262,0.27682,0.44938
StainGAN,glas_3,30.349,16.705,0.73924,0.52107,0.21817
StainGAN,glas_30,27.634,17.436,0.63084,0.21646,0.41438
StainGAN,glas_31,22.048,15.77,0.70511,0.42302,0.28209
StainGAN,glas_32,27.351,14.983,0.69708,0.39899,0.29809
StainGAN,glas_33,26.362,15.258,0.6383,0.29635,0.34195
StainGAN,glas_34,20.511,15.761,0.62638,0.46674,0.15964
StainGAN,glas_35,25.034,17.177,0.69773,0.27855,0.41918
StainGAN,glas_36,28.612,16.047,0.67822,0.39567,0.28255
StainGAN,glas_37,13.597,15.794,0.68638,0.56483,0.12155
StainGAN,glas_38,16.085,12.777,0.72689,0.56088,0.16601
StainGAN,glas_39,26.535,19.859,0.58231,0.17895,0.40336
StainGAN,glas_4,20.097,16.283,0.70351,0.43579,0.26772
StainGAN,glas_40,20.379,16.167,0.67979,0.39135,0.28844
StainGAN,glas_41,28.799,16.303,0.70257,0.45338,0.24919
StainGAN,glas_42,28.56,15.492,0.50894,0.12448,0.38446
StainGAN,glas_43,23.374,15.593,0.53342,0.4536,0.07982
StainGAN,glas_44,27.937,17.806,0.68885,0.3356,0.35325
StainGAN,glas_45,18.394,17.099,0.65025,0.46881,0.18144
StainGAN,glas_46,13.831,15.644,0.64062,0.43702,0.2036
StainGAN,glas_47,21.319,17.016,0.71124,0.53087,0.18037
StainGAN,glas_48,25.798,19.65,0.73089,0.4617,0.26919
StainGAN,glas_49,15.593,13.367,0.6519,0.42637,0.22553
StainGAN,glas_5,16.949,14.339,0.69484,0.49427,0.20057
StainGAN,glas_50,31.096,18.339,0.72237,0.48009,0.24228
StainGAN,glas_51,17.273,13.909,0.67296,0.50712,0.16584
StainGAN,glas_52,41.909,23.579,0.56654,0.24936,0.31718
StainGAN,glas_53,26.875,16.553,0.71997,0.4755,0.24447
StainGAN,glas_54,21.311,13.923,0.49931,0.26894,0.23037
StainGAN,glas_55,17.725,14.613,0.63118,0.43178,0.1994
StainGAN,glas_56,13.739,16.068,0.68358,0.51115,0.17243
StainGAN,glas_57,14.304,12.81,0.69819,0.39206,0.30613
StainGAN,glas_58,17.796,17.47,0.67768,0.54831,0.12937
StainGAN,glas_59,18.496,13.954,0.65619,0.36577,0.29042
StainGAN,glas_6,24.773,18.84,0.67287,0.27048,0.40239
StainGAN,glas_60,24.349,15.606,0.71361,0.45667,0.25694
StainGAN,glas_61,22.93,15.411,0.75023,0.5766,0.17363
StainGAN,glas_7,25.664,17.467,0.68757,0.18787,0.4997
StainGAN,glas_8,13.713,13.172,0.69792,0.48317,0.21475
StainGAN,glas_9,23.05,16.021,0.68989,0.48844,0.20145
Macenko,dpath_1,43.561,27.018,0.72234,0.69354,0.0288
Macenko,dpath_10,25.158,20.168,0.77621,0.68326,0.09295
Macenko,dpath_11,22.05,18.645,0.70043,0.47952,0.22091
Macenko,dpath_12,23.922,20.043,0.67129,0.59614,0.07515
Macenko,dpath_13,19.396,12.621,0.76457,0.71629,0.04828
Macenko,dpath_14,22.564,19.622,0.66742,0.38412,0.2833
Macenko,dpath_15,24.797,19.822,0.77291,0.07818,0.69473
Macenko,dpath_16,36.666,19.122,0.70121,0.71158,-0.01037
Macenko,dpath_17,19.823,16.138,0.70078,0.66178,0.039
Macenko,dpath_18,29.728,25.356,0.64398,0.66592,-0.02194
Macenko,dpath_19,20.243,16.829,0.69103,0.69082,0.00021
Macenko,dpath_2,19.764,17.196,0.74074,0.4833,0.25744
Macenko,dpath_20,19.729,15.226,0.65077,0.62846,0.02231
Macenko,dpath_21,22.96,18.529,0.73581,0.66185,0.07396
Macenko,dpath_22,20.312,17.244,0.72121,0.72719,-0.00598
Macenko,dpath_23,29.611,25.539,0.73756,0.70057,0.03699
Macenko,dpath_24,16.717,12.9,0.69472,0.65147,0.04325
Macenko,dpath_25,25.149,22.179,0.69508,0.65937,0.03571
Macenko,dpath_26,17.172,14.04,0.68116,0.6301,0.05106
Macenko,dpath_27,23.325,20.579,0.78871,0.70271,0.086
Macenko,dpath_28,24.967,21.433,0.79529,0.77279,0.0225
Macenko,dpath_29,24.578,16.899,0.81962,0.82248,-0.00286
Macenko,dpath_3,29.532,24.754,0.6812,0.57482,0.10638
Macenko,dpath_30,28.79,22.73,0.74281,0.58209,0.16072
Macenko,dpath_31,24.528,20.557,0.75481,0.69368,0.06113
Macenko,dpath_32,24.07,21.863,0.66221,0.62723,0.03498
Macenko,dpath_33,18.766,15.046,0.78025,0.74397,0.03628
Macenko,dpath_34,25.107,23.07,0.72564,0.66988,0.05576
Macenko,dpath_35,32.527,24.168,0.76729,0.59615,0.17114
Macenko,dpath_36,28.109,21.857,0.76844,0.59562,0.17282
Macenko,dpath_37,18.326,14.832,0.75502,0.71492,0.0401
Macenko,dpath_38,17.348,13.289,0.71219,0.665,0.04719
Macenko,dpath_39,26.504,21.357,0.57094,0.54462,0.02632
Macenko,dpath_4,29.494,24.813,0.72693,0.71868,0.00825
Macenko,dpath_40,23.245,19.799,0.72067,0.69318,0.02749
Macenko,dpath_41,26.185,22.38,0.73261,0.6521,0.08051
Macenko,dpath_42,25.04,20.341,0.78965,0.70736,0.08229
Macenko,dpath_43,29.333,18.092,0.66287,0.59323,0.06964
Macenko,dpath_44,22.208,17.523,0.84044,0.82907,0.01137
Macenko,dpath_45,20.487,17.919,0.69843,0.42576,0.27267
Macenko,dpath_46,24.225,19.945,0.74665,0.63318,0.11347
Macenko,dpath_47,26.127,23.191,0.77168,0.72729,0.04439
Macenko,dpath_48,22.409,20.304,0.70445,0.66767,0.03678
Macenko,dpath_49,23.336,18.813,0.73807,0.71111,0.02696
Macenko,dpath_5,26.872,23.69,0.72732,0.72405,0.00327
Macenko,dpath_50,35.174,23.607,0.71371,0.72542,-0.01171
Macenko,dpath_51,17.475,13.594,0.68623,0.63429,0.05194
Macenko,dpath_52,12.412,8.515,0.59063,0.63676,-0.04613
Macenko,dpath_53,25.89,21.949,0.60851,0.62966,-0.02115
Macenko,dpath_54,23.221,19.11,0.72857,0.65613,0.07244
Macenko,dpath_55,25.488,21.277,0.7359,0.75462,-0.01872
Macenko,dpath_56,29.325,26.056,0.66652,0.71982,-0.0533
Macenko,dpath_57,22.073,17.099,0.78984,0.74285,0.04699
Macenko,dpath_58,19.379,15.911,0.74984,0.73687,0.01297
Macenko,dpath_59,27.954,23.287,0.66022,0.53308,0.12714
Macenko,dpath_6,17.821,14.848,0.65683,0.60208,0.05475
Macenko,dpath_60,14.36,10.558,0.70932,0.65118,0.05814
Macenko,dpath_61,21.945,16.966,0.7101,0.61411,0.09599
Macenko,dpath_62,23.393,18.698,0.68326,0.66978,0.01348
Macenko,dpath_63,26.707,24.374,0.71773,0.68424,0.03349
Macenko,dpath_64,19.896,16.273,0.8053,0.78541,0.01989
Macenko,dpath_65,26.645,22.216,0.67841,0.6947,-0.01629
Macenko,dpath_66,22.814,20.282,0.69559,0.62828,0.06731
Macenko,dpath_67,23.255,18.996,0.78158,0.69637,0.08521
Macenko,dpath_68,25.362,21.03,0.70607,0.66326,0.04281
Macenko,dpath_69,21.022,17.112,0.7373,0.64414,0.09316
Macenko,dpath_7,25.755,22.73,0.70268,0.66342,0.03926
Macenko,dpath_8,23.898,19.686,0.7535,0.73327,0.02023
Macenko,dpath_9,19.959,16.143,0.76617,0.73152,0.03465
Macenko,glas_1,22.344,13.656,0.71869,0.48304,0.23565
Macenko,glas_10,31.818,17.858,0.68264,0.26948,0.41316
Macenko,glas_11,23.88,14.469,0.71835,0.13061,0.58774
Macenko,glas_12,25.531,20.801,0.67643,0.28029,0.39614
Macenko,glas_13,17.892,13.367,0.72087,0.11782,0.60305
Macenko,glas_14,26.801,15.669,0.65347,0.03334,0.62013
Macenko,glas_15,27.742,17.841,0.671,0.37963,0.29137
Macenko,glas_16,20.633,17.815,0.64772,0.55436,0.09336
Macenko,glas_17,13.894,14.748,0.54944,0.40611,0.14333
Macenko,glas_18,34.097,18.404,0.69149,0.10665,0.58484
Macenko,glas_19,29.737,16.941,0.72276,0.34155,0.38121
Macenko,glas_2,13.249,14.856,0.56736,0.43787,0.12949
Macenko,glas_20,26.475,20.154,0.7386,0.56539,0.17321
Macenko,glas_21,20.317,19.369,0.6476,0.6285,0.0191
Macenko,glas_22,14.614,15.352,0.58087,0.47433,0.10654
Macenko,glas_23,34.965,20.057,0.74108,0.0,0.74108
Macenko,glas_24,15.767,18.669,0.70608,0.67919,0.02689
Macenko,glas_25,26.153,14.963,0.75088,0.59987,0.15101
Macenko,glas_26,31.617,17.459,0.757,0.45435,0.30265
Macenko,glas_27,29.327,17.777,0.7052,0.0,0.7052
Macenko,glas_28,13.202,13.112,0.65766,0.65965,-0.00199
Macenko,glas_29,21.397,15.659,0.7262,0.22627,0.49993
Macenko,glas_3,38.57,18.911,0.73924,0.24144,0.4978
Macenko,glas_30,25.582,14.866,0.63084,0.01639,0.61445
Macenko,glas_31,24.443,17.237,0.70511,0.31131,0.3938
Macenko,glas_32,26.242,15.526,0.69708,0.25972,0.43736
Macenko,glas_33,24.319,14.284,0.6383,0.00662,0.63168
Macenko,glas_34,22.89,17.438,0.62638,0.60985,0.01653
Macenko,glas_35,21.982,14.817,0.69773,0.04546,0.65227
Macenko,glas_36,34.95,18.298,0.67822,0.34493,0.33329
Macenko,glas_37,16.767,18.041,0.68638,0.67786,0.00852
Macenko,glas_38,14.725,12.926,0.72689,0.41646,0.31043
Macenko,glas_39,31.893,20.346,0.58231,0.00258,0.57973
Macenko,glas_4,25.193,20.095,0.70351,0.44249,0.26102
Macenko,glas_40,28.043,17.622,0.67979,0.18592,0.49387
Macenko,glas_41,33.833,18.556,0.70257,0.41466,0.28791
Macenko,glas_42,24.678,13.714,0.50894,0.0,0.50894
Macenko,glas_43,8.553,9.073,0.53342,0.33548,0.19794
Macenko,glas_44,20.661,15.437,0.68885,0.3629,0.32595
Macenko,glas_45,25.579,20.49,0.65025,0.33327,0.31698
Macenko,glas_46,16.819,18.18,0.64062,0.62275,0.01787
Macenko,glas_47,13.009,13.241,0.71124,0.68207,0.02917
Macenko,glas_48,30.97,19.906,0.73089,0.26065,0.47024
Macenko,glas_49,17.536,13.837,0.6519,0.09265,0.55925
Macenko,glas_5,12.796,13.509,0.69484,0.68262,0.01222
Macenko,glas_50,30.067,19.619,0.72237,0.59473,0.12764
Macenko,glas_51,12.928,13.121,0.67296,0.659,0.01396
Macenko,glas_52,39.986,26.483,0.56654,0.26719,0.29935
Macenko,glas_53,35.481,18.652,0.71997,0.25032,0.46965
Macenko,glas_54,11.953,12.082,0.49931,0.01575,0.48356
Macenko,glas_55,18.142,14.479,0.63118,0.54412,0.08706
Macenko,glas_56,17.079,18.403,0.68358,0.66842,0.01516
Macenko,glas_57,16.408,13.818,0.69819,0.34007,0.35812
Macenko,glas_58,15.362,17.715,0.67768,0.63886,0.03882
Macenko,glas_59,21.983,14.733,0.65619,0.52372,0.13247
Macenko,glas_6,30.418,19.886,0.67287,0.05036,0.62251
Macenko,glas_60,30.861,18.236,0.71361,0.28019,0.43342
Macenko,glas_61,24.743,18.047,0.75023,0.5593,0.19093
Macenko,glas_7,19.663,15.115,0.68757,0.15957,0.528
Macenko,glas_8,18.015,15.655,0.69792,0.44237,0.25555
Macenko,glas_9,29.574,15.332,0.68989,0.55724,0.13265
Reinhard,dpath_1,62.254,29.751,0.72234,0.75953,-0.03719
Reinhard,dpath_10,32.626,19.066,0.77621,0.79556,-0.01935
Reinhard,dpath_11,24.819,23.246,0.70043,0.59702,0.10341
Reinhard,dpath_12,37.962,22.95,0.67129,0.69713,-0.02584
Reinhard,dpath_13,30.734,21.158,0.76457,0.76316,0.00141
Reinhard,dpath_14,26.511,25.209,0.66742,0.58197,0.08545
Reinhard,dpath_15,26.325,27.172,0.77291,0.5641,0.20881
Reinhard,dpath_16,61.671,26.984,0.70121,0.73715,-0.03594
Reinhard,dpath_17,33.372,19.745,0.70078,0.68078,0.02
Reinhard,dpath_18,50.804,30.828,0.64398,0.66825,-0.02427
Reinhard,dpath_19,34.773,18.302,0.69103,0.72999,-0.03896
Reinhard,dpath_2,30.492,32.745,0.74074,0.58623,0.15451
Reinhard,dpath_20,30.079,17.368,0.65077,0.66591,-0.01514
Reinhard,dpath_21,20.7,16.657,0.73581,0.70557,0.03024
Reinhard,dpath_22,31.87,17.085,0.72121,0.74367,-0.02246
Reinhard,dpath_23,63.253,34.179,0.73756,0.57026,0.1673
Reinhard,dpath_24,23.593,14.426,0.69472,0.67444,0.02028
Reinhard,dpath_25,44.906,27.028,0.69508,0.68238,0.0127
Reinhard,dpath_26,18.081,13.99,0.68116,0.67433,0.00683
Reinhard,dpath_27,34.064,23.381,0.78871,0.79012,-0.00141
Reinhard,dpath_28,26.085,24.533,0.79529,0.77356,0.02173
Reinhard,dpath_29,25.014,22.723,0.81962,0.80449,0.01513
Reinhard,dpath_3,34.744,28.863,0.6812,0.5846,0.0966
Reinhard,dpath_30,25.663,23.183,0.74281,0.54468,0.19813
Reinhard,dpath_31,27.938,25.481,0.75481,0.73025,0.02456
Reinhard,dpath_32,46.402,26.982,0.66221,0.64186,0.02035
Reinhard,dpath_33,20.351,14.535,0.78025,0.77629,0.00396
Reinhard,dpath_34,31.087,24.585,0.72564,0.69934,0.0263
Reinhard,dpath_35,44.701,23.889,0.76729,0.79255,-0.02526
Reinhard,dpath_36,24.673,21.369,0.76844,0.69404,0.0744
Reinhard,dpath_37,24.539,13.884,0.75502,0.76645,-0.01143
Reinhard,dpath_38,15.332,14.253,0.71219,0.69577,0.01642
Reinhard,dpath_39,31.538,22.699,0.57094,0.58107,-0.01013
Reinhard,dpath_4,53.794,29.134,0.72693,0.7413,-0.01437
Reinhard,dpath_40,36.386,21.929,0.72067,0.73014,-0.00947
Reinhard,dpath_41,36.708,23.894,0.73261,0.76037,-0.02776
Reinhard,dpath_42,27.626,19.671,0.78965,0.8051,-0.01545
Reinhard,dpath_43,52.377,24.08,0.66287,0.68572,-0.02285
Reinhard,dpath_44,20.039,15.736,0.84044,0.83788,0.00256
Reinhard,dpath_45,24.384,24.647,0.69843,0.50744,0.19099
Reinhard,dpath_46,25.509,18.843,0.74665,0.75966,-0.01301
Reinhard,dpath_47,45.43,28.21,0.77168,0.76942,0.00226
Reinhard,dpath_48,39.648,22.993,0.70445,0.68936,0.01509
Reinhard,dpath_49,20.943,18.199,0.73807,0.72071,0.01736
Reinhard,dpath_5,39.307,27.203,0.72732,0.69189,0.03543
Reinhard,dpath_50,55.722,30.967,0.71371,0.74591,-0.0322
Reinhard,dpath_51,19.238,16.591,0.68623,0.65438,0.03185
Reinhard,dpath_52,16.664,9.005,0.59063,0.64239,-0.05176
Reinhard,dpath_53,44.57,28.352,0.60851,0.59748,0.01103
Reinhard,dpath_54,27.693,18.5,0.72857,0.72038,0.00819
Reinhard,dpath_55,27.08,24.267,0.7359,0.75107,-0.01517
Reinhard,dpath_56,53.98,32.649,0.66652,0.68402,-0.0175
Reinhard,dpath_57,26.265,23.836,0.78984,0.77764,0.0122
Reinhard,dpath_58,21.53,18.308,0.74984,0.73005,0.01979
Reinhard,dpath_59,21.265,20.124,0.66022,0.6139,0.04632
Reinhard,dpath_6,20.681,13.404,0.65683,0.66791,-0.01108
Reinhard,dpath_60,18.841,16.992,0.70932,0.67256,0.03676
Reinhard,dpath_61,21.872,17.28,0.7101,0.69435,0.01575
Reinhard,dpath_62,34.954,29.768,0.68326,0.64016,0.0431
Reinhard,dpath_63,49.89,30.637,0.71773,0.589,0.12873
Reinhard,dpath_64,24.124,18.617,0.8053,0.78564,0.01966
Reinhard,dpath_65,48.837,29.557,0.67841,0.67843,-2e-05
Reinhard,dpath_66,37.619,19.902,0.69559,0.7502,-0.05461
Reinhard,dpath_67,25.12,22.847,0.78158,0.76531,0.01627
Reinhard,dpath_68,29.235,24.808,0.70607,0.67182,0.03425
Reinhard,dpath_69,21.789,21.256,0.7373,0.6692,0.0681
Reinhard,dpath_7,55.065,33.007,0.70268,0.66624,0.03644
Reinhard,dpath_8,26.374,19.583,0.7535,0.76711,-0.01361
Reinhard,dpath_9,26.306,16.282,0.76617,0.76237,0.0038
Reinhard,glas_1,17.913,13.466,0.71869,0.62405,0.09464
Reinhard,glas_10,22.29,15.925,0.68264,0.5914,0.09124
Reinhard,glas_11,22.218,16.126,0.71835,0.56292,0.15543
Reinhard,glas_12,21.833,17.637,0.67643,0.49424,0.18219
Reinhard,glas_13,14.539,10.949,0.72087,0.65624,0.06463
Reinhard,glas_14,29.552,23.26,0.65347,0.50018,0.15329
Reinhard,glas_15,18.222,12.819,0.671,0.60052,0.07048
Reinhard,glas_16,15.604,12.905,0.64772,0.54841,0.09931
Reinhard,glas_17,22.854,15.359,0.54944,0.5038,0.04564
Reinhard,glas_18,36.942,24.674,0.69149,0.67175,0.01974
Reinhard,glas_19,22.798,17.296,0.72276,0.60384,0.11892
Reinhard,glas_2,21.339,14.982,0.56736,0.51468,0.05268
Reinhard,glas_20,19.537,14.435,0.7386,0.70066,0.03794
Reinhard,glas_21,32.821,21.95,0.6476,0.61764,0.02996
Reinhard,glas_22,23.14,15.022,0.58087,0.5372,0.04367
Reinhard,glas_23,25.037,19.783,0.74108,0.64573,0.09535
Reinhard,glas_24,13.755,15.176,0.70608,0.68424,0.02184
Reinhard,glas_25,22.777,16.675,0.75088,0.68622,0.06466
Reinhard,glas_26,21.407,15.034,0.757,0.70438,0.05262
Reinhard,glas_27,25.091,19.773,0.7052,0.61534,0.08986
Reinhard,glas_28,17.423,13.061,0.65766,0.56675,0.09091
Reinhard,glas_29,26.304,21.654,0.7262,0.50941,0.21679
Reinhard,glas_3,25.545,16.007,0.73924,0.6633,0.07594
Reinhard,glas_30,26.387,20.072,0.63084,0.40913,0.22171
Reinhard,glas_31,20.013,14.334,0.70511,0.65757,0.04754
Reinhard,glas_32,22.398,15.984,0.69708,0.5558,0.14128
Reinhard,glas_33,23.753,18.343,0.6383,0.47189,0.16641
Reinhard,glas_34,15.231,13.477,0.62638,0.61923,0.00715
Reinhard,glas_35,26.171,20.827,0.69773,0.53185,0.16588
Reinhard,glas_36,24.571,16.517,0.67822,0.54205,0.13617
Reinhard,glas_37,19.872,17.75,0.68638,0.68044,0.00594
Reinhard,glas_38,13.309,10.063,0.72689,0.66233,0.06456
Reinhard,glas_39,26.862,21.257,0.58231,0.30713,0.27518
Reinhard,glas_4,18.489,14.909,0.70351,0.65221,0.0513
Reinhard,glas_40,18.921,14.575,0.67979,0.62406,0.05573
Reinhard,glas_41,24.42,17.678,0.70257,0.59853,0.10404
Reinhard,glas_42,27.876,20.53,0.50894,0.33633,0.17261
Reinhard,glas_43,27.697,22.204,0.53342,0.43431,0.09911
Reinhard,glas_44,26.749,21.049,0.68885,0.5626,0.12625
Reinhard,glas_45,21.108,17.345,0.65025,0.60806,0.04219
Reinhard,glas_46,20.572,17.835,0.64062,0.62681,0.01381
Reinhard,glas_47,24.971,20.36,0.71124,0.65788,0.05336
Reinhard,glas_48,25.528,20.131,0.73089,0.60593,0.12496
Reinhard,glas_49,14.771,11.294,0.6519,0.58553,0.06637
Reinhard,glas_5,13.734,12.048,0.69484,0.66921,0.02563
Reinhard,glas_50,28.151,18.124,0.72237,0.59052,0.13185
Reinhard,glas_51,11.595,9.493,0.67296,0.63221,0.04075
Reinhard,glas_52,38.209,25.311,0.56654,0.56344,0.0031
Reinhard,glas_53,22.449,15.967,0.71997,0.63412,0.08585
Reinhard,glas_54,18.991,14.028,0.49931,0.45567,0.04364
Reinhard,glas_55,12.051,9.595,0.63118,0.56464,0.06654
Reinhard,glas_56,21.002,18.259,0.68358,0.66696,0.01662
Reinhard,glas_57,19.2,14.114,0.69819,0.58353,0.11466
Reinhard,glas_58,14.782,15.151,0.67768,0.63122,0.04646
Reinhard,glas_59,11.336,8.83,0.65619,0.56016,0.09603
Reinhard,glas_6,26.143,20.334,0.67287,0.42329,0.24958
Reinhard,glas_60,21.374,14.046,0.71361,0.62056,0.09305
Reinhard,glas_61,20.955,14.239,0.75023,0.71739,0.03284
Reinhard,glas_7,27.052,21.754,0.68757,0.46711,0.22046
Reinhard,glas_8,21.168,14.974,0.69792,0.63202,0.0659
Reinhard,glas_9,17.27,12.693,0.68989,0.63781,0.05208
Histogram Matching,dpath_1,49.682,30.205,0.72234,0.67578,0.04656
Histogram Matching,dpath_10,24.852,20.394,0.77621,0.74475,0.03146
Histogram Matching,dpath_11,31.463,26.69,0.70043,0.63118,0.06925
Histogram Matching,dpath_12,27.49,21.972,0.67129,0.63065,0.04064
Histogram Matching,dpath_13,26.855,20.45,0.76457,0.70416,0.06041
Histogram Matching,dpath_14,23.74,24.814,0.66742,0.67589,-0.00847
Histogram Matching,dpath_15,29.902,29.491,0.77291,0.69529,0.07762
Histogram Matching,dpath_16,49.539,26.973,0.70121,0.62607,0.07514
Histogram Matching,dpath_17,20.442,17.017,0.70078,0.63917,0.06161
Histogram Matching,dpath_18,39.043,28.596,0.64398,0.63615,0.00783
Histogram Matching,dpath_19,20.733,16.787,0.69103,0.63123,0.0598
Histogram Matching,dpath_2,37.983,36.194,0.74074,0.59724,0.1435
Histogram Matching,dpath_20,21.299,17.602,0.65077,0.46623,0.18454
Histogram Matching,dpath_21,18.596,15.697,0.73581,0.54001,0.1958
Histogram Matching,dpath_22,20.292,16.362,0.72121,0.62472,0.09649
Histogram Matching,dpath_23,50.766,30.705,0.73756,0.72168,0.01588
Histogram Matching,dpath_24,15.181,12.63,0.69472,0.64705,0.04767
Histogram Matching,dpath_25,29.873,23.127,0.69508,0.5391,0.15598
Histogram Matching,dpath_26,14.692,13.288,0.68116,0.60577,0.07539
Histogram Matching,dpath_27,27.567,23.939,0.78871,0.73166,0.05705
Histogram Matching,dpath_28,30.642,26.859,0.79529,0.75869,0.0366
Histogram Matching,dpath_29,29.994,23.372,0.81962,0.79655,0.02307
Histogram Matching,dpath_3,28.926,27.207,0.6812,0.71575,-0.03455
Histogram Matching,dpath_30,28.845,25.235,0.74281,0.62389,0.11892
Histogram Matching,dpath_31,36.125,27.536,0.75481,0.67725,0.07756
Histogram Matching,dpath_32,33.598,24.928,0.66221,0.5804,0.08181
Histogram Matching,dpath_33,16.751,13.626,0.78025,0.73701,0.04324
Histogram Matching,dpath_34,21.805,21.934,0.72564,0.64834,0.0773
Histogram Matching,dpath_35,33.071,25.251,0.76729,0.7231,0.04419
Histogram Matching,dpath_36,32.06,24.449,0.76844,0.70211,0.06633
Histogram Matching,dpath_37,18.649,14.97,0.75502,0.73676,0.01826
Histogram Matching,dpath_38,20.263,15.896,0.71219,0.64848,0.06371
Histogram Matching,dpath_39,23.138,20.507,0.57094,0.61558,-0.04464
Histogram Matching,dpath_4,40.164,26.61,0.72693,0.60367,0.12326
Histogram Matching,dpath_40,23.532,20.308,0.72067,0.58309,0.13758
Histogram Matching,dpath_41,28.969,23.812,0.73261,0.68763,0.04498
Histogram Matching,dpath_42,23.592,20.009,0.78965,0.76653,0.02312
Histogram Matching,dpath_43,38.787,22.745,0.66287,0.4049,0.25797
Histogram Matching,dpath_44,20.32,17.119,0.84044,0.81209,0.02835
Histogram Matching,dpath_45,23.988,24.636,0.69843,0.63365,0.06478
Histogram Matching,dpath_46,22.887,19.635,0.74665,0.7186,0.02805
Histogram Matching,dpath_47,35.653,28.476,0.77168,0.69504,0.07664
Histogram Matching,dpath_48,25.29,20.391,0.70445,0.54425,0.1602
Histogram Matching,dpath_49,22.326,19.054,0.73807,0.66474,0.07333
Histogram Matching,dpath_5,27.799,23.76,0.72732,0.72547,0.00185
Histogram Matching,dpath_50,42.252,29.152,0.71371,0.70356,0.01015
Histogram Matching,dpath_51,20.562,17.584,0.68623,0.60108,0.08515
Histogram Matching,dpath_52,9.604,7.854,0.59063,0.51014,0.08049
Histogram Matching,dpath_53,30.304,24.464,0.60851,0.61382,-0.00531
Histogram Matching,dpath_54,18.053,16.369,0.72857,0.61773,0.11084
Histogram Matching,dpath_55,23.543,22.49,0.7359,0.75062,-0.01472
Histogram Matching,dpath_56,42.209,29.883,0.66652,0.71527,-0.04875
Histogram Matching,dpath_57,33.262,26.12,0.78984,0.64716,0.14268
Histogram Matching,dpath_58,17.299,17.692,0.74984,0.62296,0.12688
Histogram Matching,dpath_59,26.463,22.278,0.66022,0.55788,0.10234
Histogram Matching,dpath_6,12.949,10.96,0.65683,0.53128,0.12555
Histogram Matching,dpath_60,25.978,19.809,0.70932,0.61974,0.08958
Histogram Matching,dpath_61,19.425,16.294,0.7101,0.60452,0.10558
Histogram Matching,dpath_62,31.098,28.334,0.68326,0.71709,-0.03383
Histogram Matching,dpath_63,35.958,26.83,0.71773,0.68307,0.03466
Histogram Matching,dpath_64,21.034,17.829,0.8053,0.7631,0.0422
Histogram Matching,dpath_65,36.054,27.176,0.67841,0.5984,0.08001
Histogram Matching,dpath_66,24.639,19.439,0.69559,0.62675,0.06884
Histogram Matching,dpath_67,30.652,24.177,0.78158,0.66662,0.11496
Histogram Matching,dpath_68,25.344,22.618,0.70607,0.65267,0.0534
Histogram Matching,dpath_69,24.877,22.324,0.7373,0.60056,0.13674
Histogram Matching,dpath_7,47.107,33.696,0.70268,0.48858,0.2141
Histogram Matching,dpath_8,21.567,17.723,0.7535,0.69827,0.05523
Histogram Matching,dpath_9,18.806,16.488,0.76617,0.6619,0.10427
Histogram Matching,glas_1,30.06,17.014,0.71869,0.54475,0.17394
Histogram Matching,glas_10,35.115,19.15,0.68264,0.51157,0.17107
Histogram Matching,glas_11,32.917,20.424,0.71835,0.50412,0.21423
Histogram Matching,glas_12,19.186,17.901,0.67643,0.14735,0.52908
Histogram Matching,glas_13,22.63,13.755,0.72087,0.57862,0.14225
Histogram Matching,glas_14,43.405,26.922,0.65347,0.4995,0.15397
Histogram Matching,glas_15,23.504,16.007,0.671,0.51576,0.15524
Histogram Matching,glas_16,24.943,16.172,0.64772,0.51214,0.13558
Histogram Matching,glas_17,11.243,14.451,0.54944,0.1442,0.40524
Histogram Matching,glas_18,52.837,29.3,0.69149,0.55499,0.1365
Histogram Matching,glas_19,37.596,20.815,0.72276,0.56111,0.16165
Histogram Matching,glas_2,10.958,14.347,0.56736,0.17995,0.38741
Histogram Matching,glas_20,22.691,16.431,0.7386,0.54596,0.19264
Histogram Matching,glas_21,20.791,22.117,0.6476,0.28603,0.36157
Histogram Matching,glas_22,10.75,14.092,0.58087,0.29297,0.2879
Histogram Matching,glas_23,27.219,21.417,0.74108,0.50869,0.23239
Histogram Matching,glas_24,16.282,17.13,0.70608,0.55496,0.15112
Histogram Matching,glas_25,36.883,20.311,0.75088,0.63303,0.11785
Histogram Matching,glas_26,33.676,18.372,0.757,0.63774,0.11926
Histogram Matching,glas_27,27.88,22.215,0.7052,0.49101,0.21419
Histogram Matching,glas_28,12.785,14.079,0.65766,0.30211,0.35555
Histogram Matching,glas_29,37.673,25.676,0.7262,0.44398,0.28222
Histogram Matching,glas_3,38.44,20.292,0.73924,0.63225,0.10699
Histogram Matching,glas_30,39.226,23.937,0.63084,0.41439,0.21645
Histogram Matching,glas_31,25.394,16.816,0.70511,0.36628,0.33883
Histogram Matching,glas_32,36.244,19.782,0.69708,0.35077,0.34631
Histogram Matching,glas_33,37.749,22.33,0.6383,0.32384,0.31446
Histogram Matching,glas_34,19.588,15.846,0.62638,0.49074,0.13564
Histogram Matching,glas_35,37.642,24.844,0.69773,0.4644,0.23333
Histogram Matching,glas_36,38.557,20.319,0.67822,0.51363,0.16459
Histogram Matching,glas_37,12.883,18.882,0.68638,0.51182,0.17456
Histogram Matching,glas_38,18.129,12.19,0.72689,0.50021,0.22668
Histogram Matching,glas_39,29.658,23.188,0.58231,0.17525,0.40706
Histogram Matching,glas_4,21.135,17.612,0.70351,0.33291,0.3706
Histogram Matching,glas_40,20.588,16.44,0.67979,0.29234,0.38745
Histogram Matching,glas_41,39.122,21.159,0.70257,0.5448,0.15777
Histogram Matching,glas_42,43.512,24.872,0.50894,0.32632,0.18262
Histogram Matching,glas_43,38.531,28.554,0.53342,0.37443,0.15899
Histogram Matching,glas_44,40.012,24.932,0.68885,0.49319,0.19566
Histogram Matching,glas_45,19.947,18.736,0.65025,0.36507,0.28518
Histogram Matching,glas_46,13.16,19.311,0.64062,0.28303,0.35759
Histogram Matching,glas_47,26.654,22.528,0.71124,0.50555,0.20569
Histogram Matching,glas_48,26.783,20.907,0.73089,0.45059,0.2803
Histogram Matching,glas_49,18.391,13.297,0.6519,0.41713,0.23477
Histogram Matching,glas_5,16.741,15.313,0.69484,0.47654,0.2183
Histogram Matching,glas_50,43.055,23.206,0.72237,0.57189,0.15048
Histogram Matching,glas_51,19.682,13.485,0.67296,0.54135,0.13161
Histogram Matching,glas_52,54.28,31.407,0.56654,0.52394,0.0426
Histogram Matching,glas_53,33.814,19.01,0.71997,0.56571,0.15426
Histogram Matching,glas_54,32.519,18.591,0.49931,0.13383,0.36548
Histogram Matching,glas_55,22.134,14.337,0.63118,0.56275,0.06843
Histogram Matching,glas_56,13.876,19.651,0.68358,0.40671,0.27687
Histogram Matching,glas_57,14.445,14.859,0.69819,0.34351,0.35468
Histogram Matching,glas_58,17.41,16.985,0.67768,0.59305,0.08463
Histogram Matching,glas_59,20.12,12.469,0.65619,0.54661,0.10958
Histogram Matching,glas_6,27.44,21.707,0.67287,0.28096,0.39191
Histogram Matching,glas_60,29.745,17.669,0.71361,0.55812,0.15549
Histogram Matching,glas_61,29.091,17.463,0.75023,0.61865,0.13158
Histogram Matching,glas_7,39.688,26.615,0.68757,0.40086,0.28671
Histogram Matching,glas_8,16.003,15.917,0.69792,0.38986,0.30806
Histogram Matching,glas_9,23.832,16.427,0.68989,0.57443,0.11546
