image,dice,iou,object_f1,n_pred_nuclei,n_gt_nuclei,count_ratio
dpath_1,0.68904,0.5256,0.83823,1984,2411,0.8229
dpath_10,0.78471,0.6457,0.87029,2429,2829,0.8586
dpath_11,0.70817,0.5482,0.79894,1612,2168,0.7435
dpath_12,0.66339,0.49633,0.83928,7540,8457,0.8916
dpath_13,0.76777,0.62308,0.85788,2964,3622,0.8183
dpath_14,0.66225,0.49504,0.80744,1639,1965,0.8341
dpath_15,0.78083,0.64046,0.82586,1531,1949,0.7855
dpath_16,0.6938,0.53116,0.81642,1487,2021,0.7358
dpath_17,0.69623,0.53401,0.77085,1283,1763,0.7277
dpath_18,0.61629,0.44539,0.78637,2218,2683,0.8267
dpath_19,0.69468,0.53219,0.83985,2577,3205,0.8041
dpath_2,0.7496,0.59948,0.81872,869,1161,0.7485
dpath_20,0.64874,0.4801,0.73458,3520,5462,0.6445
dpath_21,0.74255,0.59052,0.81742,1589,2223,0.7148
dpath_22,0.72322,0.56645,0.84701,1993,2432,0.8195
dpath_23,0.71664,0.55841,0.78504,1611,1971,0.8174
dpath_24,0.70145,0.54018,0.84902,1773,2201,0.8055
dpath_25,0.67767,0.51248,0.80134,1249,1726,0.7236
dpath_26,0.69089,0.52776,0.80456,1619,2065,0.784
dpath_27,0.79094,0.65418,0.85004,3900,3949,0.9876
dpath_28,0.8054,0.67421,0.86229,1260,1405,0.8968
dpath_29,0.82731,0.70548,0.88479,1148,1291,0.8892
dpath_3,0.66988,0.50362,0.78489,1915,1976,0.9691
dpath_30,0.75038,0.60049,0.80375,1450,1959,0.7402
dpath_31,0.75742,0.60955,0.84214,1474,1782,0.8272
dpath_32,0.63822,0.46867,0.78944,1268,1496,0.8476
dpath_33,0.78426,0.64508,0.86557,1551,1737,0.8929
dpath_34,0.72889,0.57343,0.80197,1270,1770,0.7175
dpath_35,0.76391,0.61801,0.86293,6749,8367,0.8066
dpath_36,0.76883,0.62448,0.83105,1049,1360,0.7713
dpath_37,0.75899,0.61158,0.82179,1137,1433,0.7934
dpath_38,0.71783,0.55986,0.82633,1273,1629,0.7815
dpath_39,0.57997,0.40842,0.7431,1239,1151,1.0765
dpath_4,0.70634,0.54601,0.79434,2582,3501,0.7375
dpath_40,0.71493,0.55633,0.84056,2122,2582,0.8218
dpath_41,0.7296,0.57431,0.84331,1929,2181,0.8845
dpath_42,0.79887,0.66509,0.89324,3250,3644,0.8919
dpath_43,0.65233,0.48404,0.74066,1466,2282,0.6424
dpath_44,0.84703,0.73465,0.90765,1642,1769,0.9282
dpath_45,0.70099,0.53964,0.80359,712,958,0.7432
dpath_46,0.75229,0.60294,0.87076,8024,9354,0.8578
dpath_47,0.77214,0.62885,0.82947,2111,2422,0.8716
dpath_48,0.69044,0.52723,0.77199,1362,1923,0.7083
dpath_49,0.74645,0.59546,0.8361,1279,1613,0.7929
dpath_5,0.71264,0.55357,0.83118,1945,2160,0.9005
dpath_50,0.70529,0.54475,0.8228,2469,2830,0.8724
dpath_51,0.69523,0.53284,0.75276,1155,1741,0.6634
dpath_52,0.5759,0.4044,0.68665,515,886,0.5813
dpath_53,0.57922,0.40768,0.7297,1402,1739,0.8062
dpath_54,0.73642,0.5828,0.81574,1330,1644,0.809
dpath_55,0.73831,0.58518,0.87387,3398,3484,0.9753
dpath_56,0.64046,0.47109,0.76456,1875,2245,0.8352
dpath_57,0.79529,0.66015,0.80487,1122,1507,0.7445
dpath_58,0.74056,0.588,0.79244,1178,1679,0.7016
dpath_59,0.66981,0.50354,0.75724,1369,1774,0.7717
dpath_6,0.67007,0.50384,0.75656,1166,1845,0.632
dpath_60,0.7186,0.56079,0.82271,1319,1693,0.7791
dpath_61,0.72377,0.56711,0.80916,1804,2477,0.7283
dpath_62,0.66502,0.49815,0.80591,3239,3670,0.8826
dpath_63,0.69917,0.53747,0.80798,1555,1903,0.8171
dpath_64,0.80823,0.67818,0.83835,1100,1257,0.8751
dpath_65,0.66042,0.493,0.8059,1735,1861,0.9323
dpath_66,0.7064,0.54607,0.85256,2849,3011,0.9462
dpath_67,0.7868,0.64854,0.83638,1348,1610,0.8373
dpath_68,0.71745,0.55939,0.83402,2172,2648,0.8202
dpath_69,0.74557,0.59434,0.83205,2977,3650,0.8156
dpath_7,0.70255,0.54149,0.72991,750,1042,0.7198
dpath_8,0.76357,0.61756,0.83858,1783,2157,0.8266
dpath_9,0.77149,0.62799,0.78968,1493,2149,0.6947
glas_1,0.71492,0.55633,0.6402,409,800,0.5112
glas_10,0.68843,0.52489,0.59302,391,813,0.4809
glas_11,0.71739,0.55932,0.73042,634,1039,0.6102
glas_12,0.67525,0.50971,0.59554,804,1839,0.4372
glas_13,0.71962,0.56203,0.6734,419,769,0.5449
glas_14,0.66688,0.50024,0.67053,482,899,0.5362
glas_15,0.66633,0.49962,0.66829,459,774,0.593
glas_16,0.64726,0.47848,0.65974,279,491,0.5682
glas_17,0.5536,0.38274,0.54054,426,1091,0.3905
glas_18,0.69897,0.53724,0.72727,313,413,0.7579
glas_19,0.72064,0.56328,0.71783,472,779,0.6059
glas_2,0.57344,0.40197,0.52306,386,1067,0.3618
glas_20,0.73661,0.58304,0.67946,616,1156,0.5329
glas_21,0.64575,0.47683,0.6385,567,1090,0.5202
glas_22,0.57992,0.40837,0.50108,347,1038,0.3343
glas_23,0.7397,0.58693,0.68889,539,901,0.5982
glas_24,0.7054,0.54487,0.77462,372,542,0.6863
glas_25,0.74723,0.59646,0.74729,441,667,0.6612
glas_26,0.75974,0.61257,0.75796,518,738,0.7019
glas_27,0.70091,0.53953,0.66765,508,846,0.6005
glas_28,0.65426,0.48617,0.65037,506,967,0.5233
glas_29,0.73079,0.57579,0.71216,596,1016,0.5866
glas_3,0.74077,0.58827,0.74235,602,869,0.6928
glas_30,0.64101,0.47168,0.61175,452,944,0.4788
glas_31,0.70742,0.54729,0.67252,668,1268,0.5268
glas_32,0.69216,0.52924,0.68213,603,1121,0.5379
glas_33,0.63682,0.46715,0.57479,521,1264,0.4122
glas_34,0.62805,0.45778,0.69152,417,656,0.6357
glas_35,0.69925,0.53757,0.68055,537,1000,0.537
glas_36,0.68164,0.51704,0.6341,398,728,0.5467
glas_37,0.68808,0.52448,0.65829,452,821,0.5505
glas_38,0.72603,0.56989,0.66965,543,1022,0.5313
glas_39,0.58213,0.41057,0.51376,319,880,0.3625
glas_4,0.70081,0.53942,0.6783,743,1377,0.5396
glas_40,0.67856,0.5135,0.66219,700,1387,0.5047
glas_41,0.70167,0.54044,0.65169,375,693,0.5411
glas_42,0.51136,0.34351,0.45055,252,840,0.3
glas_43,0.4982,0.33173,0.50503,205,591,0.3469
glas_44,0.69036,0.52714,0.64116,498,1018,0.4892
glas_45,0.6446,0.47558,0.62729,695,1489,0.4668
glas_46,0.64557,0.47664,0.64275,466,900,0.5178
glas_47,0.71501,0.55644,0.65252,390,741,0.5263
glas_48,0.73144,0.5766,0.66835,560,1023,0.5474
glas_49,0.65115,0.48275,0.58815,422,979,0.4311
glas_5,0.69946,0.53783,0.64214,405,791,0.512
glas_50,0.72222,0.56522,0.76374,296,377,0.7851
glas_51,0.67439,0.50874,0.6101,309,622,0.4968
glas_52,0.57965,0.4081,0.58308,220,442,0.4977
glas_53,0.72036,0.56295,0.66962,488,868,0.5622
glas_54,0.50103,0.33425,0.43541,338,1187,0.2848
glas_55,0.62244,0.45184,0.58778,257,512,0.502
glas_56,0.6875,0.52381,0.61695,473,1002,0.4721
glas_57,0.69567,0.53335,0.67531,604,1093,0.5526
glas_58,0.68215,0.51762,0.71805,395,591,0.6684
glas_59,0.65355,0.48539,0.66667,330,552,0.5978
glas_6,0.66913,0.50278,0.58838,488,1096,0.4453
glas_60,0.71648,0.55822,0.69736,565,912,0.6195
glas_61,0.74997,0.59996,0.69032,580,1083,0.5355
glas_7,0.688,0.52438,0.66807,490,932,0.5258
glas_8,0.69223,0.52932,0.70821,652,1065,0.6122
glas_9,0.68159,0.51698,0.66184,488,893,0.5465
